content_id,title,genre,type,description
CT001,Crypto Heist - 60,Action,Podcast,A engaging action podcast about Crypto Heist.
CT002,Future of AI - 79,Tech Review,Article,A engaging tech review article about Future of AI.
CT003,Future of AI - 21,Tech Review,Podcast,A engaging tech review podcast about Future of AI.
CT004,Future of AI - 34,Tech Review,Podcast,A engaging tech review podcast about Future of AI.
CT005,Star Warp - 81,Sci-Fi,Article,A engaging sci-fi article about Star Warp.
CT006,Star Warp - 10,Sci-Fi,Article,A engaging sci-fi article about Star Warp.
CT007,Smartphone War - 35,Tech Review,Article,A engaging tech review article about Smartphone War.
CT008,Nature Unbound - 18,Documentary,Article,A engaging documentary article about Nature Unbound.
CT009,Star Warp - 89,Sci-Fi,c,A engaging sci-fi c about Star Warp.
CT010,Mars Colony - 54,Sci-Fi,c,A engaging sci-fi c about Mars Colony.
CT011,Sitcom Life - 54,Comedy,Article,A engaging comedy article about Sitcom Life.
CT012,Battlefield Earth - 50,Action,c,A engaging action c about Battlefield Earth.
CT013,Medical Ward - 62,Drama,Movie,A engaging drama movie about Medical Ward.
CT014,Speed Run - 97,Action,Article,A engaging action article about Speed Run.
CT015,Standup Special - 63,Comedy,Podcast,A engaging comedy podcast about Standup Special.
CT016,Star Warp - 63,Sci-Fi,Article,A engaging sci-fi article about Star Warp.
CT017,Speed Run - 86,Action,Podcast,A engaging action podcast about Speed Run.
CT018,Smartphone War - 60,Tech Review,Podcast,A engaging tech review podcast about Smartphone War.
CT019,Star Warp - 76,Sci-Fi,Movie,A engaging sci-fi movie about Star Warp.
CT020,The CEO - 83,Drama,Movie,A engaging drama movie about The CEO.
CT021,Sitcom Life - 24,Comedy,c,A engaging comedy c about Sitcom Life.
CT022,Battlefield Earth - 42,Action,Article,A engaging action article about Battlefield Earth.
CT023,Cyber Soul - 44,Sci-Fi,Podcast,A engaging sci-fi podcast about Cyber Soul.
CT024,Sitcom Life - 33,Comedy,Article,A engaging comedy article about Sitcom Life.
CT025,The Last Stand - 96,Action,Podcast,A engaging action podcast about The Last Stand.
CT026,Courtroom Justice - 29,Drama,Movie,A engaging drama movie about Courtroom Justice.
CT027,Latest GPU Test - 97,Tech Review,Movie,A engaging tech review movie about Latest GPU Test.
CT028,Crypto Heist - 3,Action,c,A engaging action c about Crypto Heist.
CT029,Family Secrets - 17,Drama,c,A engaging drama c about Family Secrets.
CT030,Standup Special - 60,Comedy,Movie,A engaging comedy movie about Standup Special.
CT031,Coding 101 - 22,Tech Review,Article,A engaging tech review article about Coding 101.
CT032,Family Secrets - 40,Drama,Movie,A engaging drama movie about Family Secrets.
CT033,Speed Run - 74,Action,Movie,A engaging action movie about Speed Run.
CT034,Future of AI - 92,Tech Review,Podcast,A engaging tech review podcast about Future of AI.
CT035,AI Uprising - 14,Sci-Fi,Movie,A engaging sci-fi movie about AI Uprising.
CT036,Latest GPU Test - 73,Tech Review,Article,A engaging tech review article about Latest GPU Test.
CT037,Battlefield Earth - 85,Action,Article,A engaging action article about Battlefield Earth.
CT038,Deep Ocean - 2,Documentary,Movie,A engaging documentary movie about Deep Ocean.
CT039,Office Pranks - 56,Comedy,Podcast,A engaging comedy podcast about Office Pranks.
CT040,History of Tech - 56,Documentary,Podcast,A engaging documentary podcast about History of Tech.
CT041,Star Warp - 60,Sci-Fi,Article,A engaging sci-fi article about Star Warp.
CT042,Funny Fails - 32,Comedy,Article,A engaging comedy article about Funny Fails.
CT043,Battlefield Earth - 32,Action,Article,A engaging action article about Battlefield Earth.
CT044,Funny Fails - 4,Comedy,Podcast,A engaging comedy podcast about Funny Fails.
CT045,Standup Special - 63,Comedy,Article,A engaging comedy article about Standup Special.
CT046,Cyber Soul - 44,Sci-Fi,Article,A engaging sci-fi article about Cyber Soul.
CT047,Nature Unbound - 67,Documentary,Article,A engaging documentary article about Nature Unbound.
CT048,AI Uprising - 93,Sci-Fi,Movie,A engaging sci-fi movie about AI Uprising.
CT049,Standup Special - 89,Comedy,Podcast,A engaging comedy podcast about Standup Special.
CT050,Sitcom Life - 3,Comedy,Podcast,A engaging comedy podcast about Sitcom Life.
CT051,Crypto Heist - 52,Action,Article,A engaging action article about Crypto Heist.
CT052,Coding 101 - 85,Tech Review,c,A engaging tech review c about Coding 101.
CT053,Medical Ward - 71,Drama,Article,A engaging drama article about Medical Ward.
CT054,Medical Ward - 96,Drama,Article,A engaging drama article about Medical Ward.
CT055,Courtroom Justice - 90,Drama,Article,A engaging drama article about Courtroom Justice.
CT056,Funny Fails - 33,Comedy,Article,A engaging comedy article about Funny Fails.
CT057,AI Uprising - 41,Sci-Fi,Movie,A engaging sci-fi movie about AI Uprising.
CT058,Crypto Heist - 28,Action,c,A engaging action c about Crypto Heist.
CT059,Coding 101 - 93,Tech Review,Podcast,A engaging tech review podcast about Coding 101.
CT060,The CEO - 25,Drama,Article,A engaging drama article about The CEO.
CT061,Deep Ocean - 23,Documentary,c,A engaging documentary c about Deep Ocean.
CT062,History of Tech - 36,Documentary,Movie,A engaging documentary movie about History of Tech.
CT063,Speed Run - 90,Action,Movie,A engaging action movie about Speed Run.
CT064,Mars Colony - 2,Sci-Fi,Podcast,A engaging sci-fi podcast about Mars Colony.
CT065,Medical Ward - 62,Drama,Article,A engaging drama article about Medical Ward.
CT066,Standup Special - 7,Comedy,Article,A engaging comedy article about Standup Special.
CT067,Nature Unbound - 9,Documentary,Podcast,A engaging documentary podcast about Nature Unbound.
CT068,Office Pranks - 74,Comedy,Podcast,A engaging comedy podcast about Office Pranks.
CT069,Smartphone War - 20,Tech Review,Movie,A engaging tech review movie about Smartphone War.
CT070,The CEO - 32,Drama,Article,A engaging drama article about The CEO.
CT071,Crypto Heist - 67,Action,Podcast,A engaging action podcast about Crypto Heist.
CT072,Sitcom Life - 39,Comedy,Podcast,A engaging comedy podcast about Sitcom Life.
CT073,Courtroom Justice - 73,Drama,Podcast,A engaging drama podcast about Courtroom Justice.
CT074,The CEO - 98,Drama,Movie,A engaging drama movie about The CEO.
CT075,Cyber Soul - 85,Sci-Fi,c,A engaging sci-fi c about Cyber Soul.
CT076,Crypto Heist - 23,Action,c,A engaging action c about Crypto Heist.
CT077,Family Secrets - 1,Drama,Movie,A engaging drama movie about Family Secrets.
CT078,Sitcom Life - 38,Comedy,Podcast,A engaging comedy podcast about Sitcom Life.
CT079,Speed Run - 91,Action,c,A engaging action c about Speed Run.
CT080,Nature Unbound - 88,Documentary,Podcast,A engaging documentary podcast about Nature Unbound.
CT081,AI Uprising - 55,Sci-Fi,Article,A engaging sci-fi article about AI Uprising.
CT082,Crypto Heist - 35,Action,c,A engaging action c about Crypto Heist.
CT083,Mars Colony - 22,Sci-Fi,Movie,A engaging sci-fi movie about Mars Colony.
CT084,Space Race - 16,Documentary,Article,A engaging documentary article about Space Race.
CT085,Sitcom Life - 35,Comedy,Article,A engaging comedy article about Sitcom Life.
CT086,Medical Ward - 11,Drama,Podcast,A engaging drama podcast about Medical Ward.
CT087,Medical Ward - 95,Drama,Movie,A engaging drama movie about Medical Ward.
CT088,Nature Unbound - 12,Documentary,Article,A engaging documentary article about Nature Unbound.
CT089,Cyber Soul - 74,Sci-Fi,Movie,A engaging sci-fi movie about Cyber Soul.
CT090,Battlefield Earth - 67,Action,c,A engaging action c about Battlefield Earth.
CT091,Coding 101 - 24,Tech Review,Podcast,A engaging tech review podcast about Coding 101.
CT092,Medical Ward - 12,Drama,Podcast,A engaging drama podcast about Medical Ward.
CT093,Sitcom Life - 43,Comedy,Article,A engaging comedy article about Sitcom Life.
CT094,History of Tech - 43,Documentary,Movie,A engaging documentary movie about History of Tech.
CT095,Funny Fails - 85,Comedy,Podcast,A engaging comedy podcast about Funny Fails.
CT096,Sitcom Life - 12,Comedy,Movie,A engaging comedy movie about Sitcom Life.
CT097,Deep Ocean - 15,Documentary,Article,A engaging documentary article about Deep Ocean.
CT098,Sitcom Life - 53,Comedy,Movie,A engaging comedy movie about Sitcom Life.
CT099,Speed Run - 80,Action,c,A engaging action c about Speed Run.
CT100,Office Pranks - 27,Comedy,Podcast,A engaging comedy podcast about Office Pranks.
CT101,Deep Ocean - 57,Documentary,c,A engaging documentary c about Deep Ocean.
CT102,Latest GPU Test - 4,Tech Review,Podcast,A engaging tech review podcast about Latest GPU Test.
CT103,Smartphone War - 40,Tech Review,c,A engaging tech review c about Smartphone War.
CT104,Medical Ward - 12,Drama,Movie,A engaging drama movie about Medical Ward.
CT105,Star Warp - 16,Sci-Fi,Movie,A engaging sci-fi movie about Star Warp.
CT106,Future of AI - 92,Tech Review,c,A engaging tech review c about Future of AI.
CT107,Space Race - 62,Documentary,Article,A engaging documentary article about Space Race.
CT108,Sitcom Life - 71,Comedy,c,A engaging comedy c about Sitcom Life.
CT109,AI Uprising - 77,Sci-Fi,Podcast,A engaging sci-fi podcast about AI Uprising.
CT110,The CEO - 36,Drama,c,A engaging drama c about The CEO.
CT111,Funny Fails - 1,Comedy,Article,A engaging comedy article about Funny Fails.
CT112,Space Race - 20,Documentary,Article,A engaging documentary article about Space Race.
CT113,Funny Fails - 43,Comedy,Podcast,A engaging comedy podcast about Funny Fails.
CT114,Medical Ward - 42,Drama,Podcast,A engaging drama podcast about Medical Ward.
CT115,Star Warp - 30,Sci-Fi,c,A engaging sci-fi c about Star Warp.
CT116,Funny Fails - 96,Comedy,Movie,A engaging comedy movie about Funny Fails.
CT117,Sitcom Life - 85,Comedy,Podcast,A engaging comedy podcast about Sitcom Life.
CT118,Future of AI - 5,Tech Review,c,A engaging tech review c about Future of AI.
CT119,Mars Colony - 57,Sci-Fi,Article,A engaging sci-fi article about Mars Colony.
CT120,The Last Stand - 93,Action,Podcast,A engaging action podcast about The Last Stand.
CT121,AI Uprising - 10,Sci-Fi,Podcast,A engaging sci-fi podcast about AI Uprising.
CT122,Funny Fails - 80,Comedy,Article,A engaging comedy article about Funny Fails.
CT123,Latest GPU Test - 43,Tech Review,Podcast,A engaging tech review podcast about Latest GPU Test.
CT124,Coding 101 - 81,Tech Review,Podcast,A engaging tech review podcast about Coding 101.
CT125,Latest GPU Test - 80,Tech Review,Podcast,A engaging tech review podcast about Latest GPU Test.
CT126,Speed Run - 30,Action,c,A engaging action c about Speed Run.
CT127,Future of AI - 13,Tech Review,Movie,A engaging tech review movie about Future of AI.
CT128,Future of AI - 22,Tech Review,Movie,A engaging tech review movie about Future of AI.
CT129,Latest GPU Test - 6,Tech Review,Article,A engaging tech review article about Latest GPU Test.
CT130,Deep Ocean - 46,Documentary,Movie,A engaging documentary movie about Deep Ocean.
CT131,History of Tech - 32,Documentary,Podcast,A engaging documentary podcast about History of Tech.
CT132,Family Secrets - 22,Drama,Podcast,A engaging drama podcast about Family Secrets.
CT133,Star Warp - 80,Sci-Fi,Movie,A engaging sci-fi movie about Star Warp.
CT134,Future of AI - 75,Tech Review,c,A engaging tech review c about Future of AI.
CT135,Star Warp - 82,Sci-Fi,c,A engaging sci-fi c about Star Warp.
CT136,Deep Ocean - 86,Documentary,Podcast,A engaging documentary podcast about Deep Ocean.
CT137,Speed Run - 87,Action,Podcast,A engaging action podcast about Speed Run.
CT138,The CEO - 57,Drama,c,A engaging drama c about The CEO.
CT139,Space Race - 89,Documentary,Article,A engaging documentary article about Space Race.
CT140,Deep Ocean - 26,Documentary,Podcast,A engaging documentary podcast about Deep Ocean.
CT141,Office Pranks - 31,Comedy,Podcast,A engaging comedy podcast about Office Pranks.
CT142,Funny Fails - 90,Comedy,Article,A engaging comedy article about Funny Fails.
CT143,Space Race - 36,Documentary,Movie,A engaging documentary movie about Space Race.
CT144,Battlefield Earth - 37,Action,Movie,A engaging action movie about Battlefield Earth.
CT145,AI Uprising - 82,Sci-Fi,Article,A engaging sci-fi article about AI Uprising.
CT146,AI Uprising - 81,Sci-Fi,Article,A engaging sci-fi article about AI Uprising.
CT147,Speed Run - 57,Action,Movie,A engaging action movie about Speed Run.
CT148,Crypto Heist - 12,Action,Article,A engaging action article about Crypto Heist.
CT149,Space Race - 23,Documentary,Article,A engaging documentary article about Space Race.
CT150,Cyber Soul - 68,Sci-Fi,c,A engaging sci-fi c about Cyber Soul.
CT151,Family Secrets - 33,Drama,Article,A engaging drama article about Family Secrets.
CT152,Funny Fails - 15,Comedy,Article,A engaging comedy article about Funny Fails.
CT153,Standup Special - 97,Comedy,Movie,A engaging comedy movie about Standup Special.
CT154,Cyber Soul - 12,Sci-Fi,Podcast,A engaging sci-fi podcast about Cyber Soul.
CT155,Funny Fails - 69,Comedy,Movie,A engaging comedy movie about Funny Fails.
CT156,Speed Run - 87,Action,Podcast,A engaging action podcast about Speed Run.
CT157,Future of AI - 82,Tech Review,Article,A engaging tech review article about Future of AI.
CT158,History of Tech - 61,Documentary,Movie,A engaging documentary movie about History of Tech.
CT159,Crypto Heist - 83,Action,Article,A engaging action article about Crypto Heist.
CT160,Speed Run - 84,Action,Podcast,A engaging action podcast about Speed Run.
CT161,Standup Special - 6,Comedy,Movie,A engaging comedy movie about Standup Special.
CT162,Battlefield Earth - 15,Action,Article,A engaging action article about Battlefield Earth.
CT163,Crypto Heist - 50,Action,c,A engaging action c about Crypto Heist.
CT164,Sitcom Life - 76,Comedy,Article,A engaging comedy article about Sitcom Life.
CT165,Future of AI - 84,Tech Review,c,A engaging tech review c about Future of AI.
CT166,Battlefield Earth - 36,Action,Podcast,A engaging action podcast about Battlefield Earth.
CT167,Crypto Heist - 57,Action,Article,A engaging action article about Crypto Heist.
CT168,Funny Fails - 13,Comedy,c,A engaging comedy c about Funny Fails.
CT169,Coding 101 - 8,Tech Review,Article,A engaging tech review article about Coding 101.
CT170,Standup Special - 16,Comedy,Article,A engaging comedy article about Standup Special.
CT171,Standup Special - 83,Comedy,Movie,A engaging comedy movie about Standup Special.
CT172,Latest GPU Test - 43,Tech Review,Movie,A engaging tech review movie about Latest GPU Test.
CT173,AI Uprising - 9,Sci-Fi,c,A engaging sci-fi c about AI Uprising.
CT174,Family Secrets - 30,Drama,c,A engaging drama c about Family Secrets.
CT175,Nature Unbound - 36,Documentary,c,A engaging documentary c about Nature Unbound.
CT176,Cyber Soul - 23,Sci-Fi,c,A engaging sci-fi c about Cyber Soul.
CT177,Crypto Heist - 2,Action,Movie,A engaging action movie about Crypto Heist.
CT178,Deep Ocean - 3,Documentary,c,A engaging documentary c about Deep Ocean.
CT179,Mars Colony - 17,Sci-Fi,Article,A engaging sci-fi article about Mars Colony.
CT180,Latest GPU Test - 96,Tech Review,Podcast,A engaging tech review podcast about Latest GPU Test.
CT181,Battlefield Earth - 47,Action,Podcast,A engaging action podcast about Battlefield Earth.
CT182,Medical Ward - 65,Drama,Movie,A engaging drama movie about Medical Ward.
CT183,Cyber Soul - 59,Sci-Fi,Movie,A engaging sci-fi movie about Cyber Soul.
CT184,Latest GPU Test - 62,Tech Review,Movie,A engaging tech review movie about Latest GPU Test.
CT185,Office Pranks - 63,Comedy,Podcast,A engaging comedy podcast about Office Pranks.
CT186,Latest GPU Test - 11,Tech Review,Podcast,A engaging tech review podcast about Latest GPU Test.
CT187,Nature Unbound - 17,Documentary,c,A engaging documentary c about Nature Unbound.
CT188,Space Race - 77,Documentary,Article,A engaging documentary article about Space Race.
CT189,Medical Ward - 65,Drama,Article,A engaging drama article about Medical Ward.
CT190,The CEO - 90,Drama,Podcast,A engaging drama podcast about The CEO.
CT191,Battlefield Earth - 58,Action,c,A engaging action c about Battlefield Earth.
CT192,Cyber Soul - 59,Sci-Fi,Podcast,A engaging sci-fi podcast about Cyber Soul.
CT193,Office Pranks - 41,Comedy,Podcast,A engaging comedy podcast about Office Pranks.
CT194,Funny Fails - 48,Comedy,Article,A engaging comedy article about Funny Fails.
CT195,Mars Colony - 12,Sci-Fi,Podcast,A engaging sci-fi podcast about Mars Colony.
CT196,Battlefield Earth - 13,Action,Movie,A engaging action movie about Battlefield Earth.
CT197,Smartphone War - 72,Tech Review,Article,A engaging tech review article about Smartphone War.
CT198,The Last Stand - 53,Action,Article,A engaging action article about The Last Stand.
CT199,Nature Unbound - 37,Documentary,Podcast,A engaging documentary podcast about Nature Unbound.
CT200,Courtroom Justice - 14,Drama,Article,A engaging drama article about Courtroom Justice.
